{"cameraMode":{"drawMode":0,"name":"Shaded","section":"Shading Mode"},"sceneLighting":true,"audioPlay":false,"sceneViewState":{"showFog":true,"showMaterialUpdate":false,"showSkybox":true,"showFlares":true,"showImageEffects":true,"showParticleSystems":true},"in2DMode":false,"pivot":{"x":-1.7348954677581788,"y":1.8408896923065186,"z":-1.0516791343688965},"rotation":{"x":-0.008009037934243679,"y":0.983798086643219,"z":-0.17324377596378327,"w":-0.045482706278562549},"size":16.790996551513673,"orthographic":false}