{"cameraMode":{"drawMode":0,"name":"Shaded","section":"Shading Mode"},"sceneLighting":true,"audioPlay":false,"sceneViewState":{"showFog":true,"showMaterialUpdate":false,"showSkybox":true,"showFlares":true,"showImageEffects":true,"showParticleSystems":true},"in2DMode":false,"pivot":{"x":-0.9207161068916321,"y":-0.34720945358276369,"z":-0.6179018020629883},"rotation":{"x":-0.355369508266449,"y":0.0019605658017098905,"z":-0.000745454104617238,"w":-0.9347243905067444},"size":18.66280746459961,"orthographic":false}